id,label
cat/0071.jpg,cat
cat/0717.jpg,cat
cat/0703.jpg,cat
cat/0065.jpg,cat
cat/0059.jpg,cat
cat/0918.jpg,cat
cat/0930.jpg,cat
cat/0924.jpg,cat
cat/0515.jpg,cat
cat/0273.jpg,cat
cat/0267.jpg,cat
cat/0501.jpg,cat
cat/0529.jpg,cat
cat/0298.jpg,cat
cat/0461.jpg,cat
cat/0307.jpg,cat
cat/0313.jpg,cat
cat/0475.jpg,cat
cat/0449.jpg,cat
cat/0105.jpg,cat
cat/0663.jpg,cat
cat/0677.jpg,cat
cat/0111.jpg,cat
cat/0139.jpg,cat
cat/0887.jpg,cat
cat/0893.jpg,cat
cat/0878.jpg,cat
cat/0844.jpg,cat
cat/0688.jpg,cat
cat/0850.jpg,cat
cat/0851.jpg,cat
cat/0689.jpg,cat
cat/0845.jpg,cat
cat/0879.jpg,cat
cat/0892.jpg,cat
cat/0138.jpg,cat
cat/0886.jpg,cat
cat/0676.jpg,cat
cat/0110.jpg,cat
cat/0104.jpg,cat
cat/0662.jpg,cat
cat/0448.jpg,cat
cat/0312.jpg,cat
cat/0474.jpg,cat
cat/0460.jpg,cat
cat/0306.jpg,cat
cat/0299.jpg,cat
cat/0528.jpg,cat
cat/0266.jpg,cat
cat/0500.jpg,cat
cat/0514.jpg,cat
cat/0272.jpg,cat
cat/0925.jpg,cat
cat/0931.jpg,cat
cat/0919.jpg,cat
cat/0058.jpg,cat
cat/0702.jpg,cat
cat/0064.jpg,cat
cat/0070.jpg,cat
cat/0716.jpg,cat
cat/0066.jpg,cat
cat/0700.jpg,cat
cat/0714.jpg,cat
cat/0072.jpg,cat
cat/0728.jpg,cat
cat/0099.jpg,cat
cat/0927.jpg,cat
cat/0933.jpg,cat
cat/0502.jpg,cat
cat/0264.jpg,cat
cat/0270.jpg,cat
cat/0516.jpg,cat
cat/0258.jpg,cat
cat/0476.jpg,cat
cat/0310.jpg,cat
cat/0304.jpg,cat
cat/0462.jpg,cat
cat/0338.jpg,cat
cat/0489.jpg,cat
cat/0112.jpg,cat
cat/0674.jpg,cat
cat/0660.jpg,cat
cat/0106.jpg,cat
cat/0890.jpg,cat
cat/0648.jpg,cat
cat/0884.jpg,cat
cat/0853.jpg,cat
cat/0847.jpg,cat
cat/0846.jpg,cat
cat/0852.jpg,cat
cat/0885.jpg,cat
cat/0649.jpg,cat
cat/0891.jpg,cat
cat/0661.jpg,cat
cat/0107.jpg,cat
cat/0113.jpg,cat
cat/0675.jpg,cat
cat/0488.jpg,cat
cat/0339.jpg,cat
cat/0305.jpg,cat
cat/0463.jpg,cat
cat/0477.jpg,cat
cat/0311.jpg,cat
cat/0259.jpg,cat
cat/0271.jpg,cat
cat/0517.jpg,cat
cat/0503.jpg,cat
cat/0265.jpg,cat
cat/0932.jpg,cat
cat/0098.jpg,cat
cat/0926.jpg,cat
cat/0729.jpg,cat
cat/0715.jpg,cat
cat/0073.jpg,cat
cat/0067.jpg,cat
cat/0701.jpg,cat
cat/0739.jpg,cat
cat/0705.jpg,cat
cat/0063.jpg,cat
cat/0077.jpg,cat
cat/0711.jpg,cat
cat/0922.jpg,cat
cat/0088.jpg,cat
cat/0936.jpg,cat
cat/0249.jpg,cat
cat/0261.jpg,cat
cat/0507.jpg,cat
cat/0513.jpg,cat
cat/0275.jpg,cat
cat/0329.jpg,cat
cat/0315.jpg,cat
cat/0473.jpg,cat
cat/0467.jpg,cat
cat/0301.jpg,cat
cat/0498.jpg,cat
cat/0895.jpg,cat
cat/0881.jpg,cat
cat/0659.jpg,cat
cat/0671.jpg,cat
cat/0117.jpg,cat
cat/0103.jpg,cat
cat/0665.jpg,cat
cat/0856.jpg,cat
cat/0842.jpg,cat
cat/0843.jpg,cat
cat/0857.jpg,cat
cat/0102.jpg,cat
cat/0664.jpg,cat
cat/0670.jpg,cat
cat/0116.jpg,cat
cat/0658.jpg,cat
cat/0880.jpg,cat
cat/0894.jpg,cat
cat/0499.jpg,cat
cat/0466.jpg,cat
cat/0300.jpg,cat
cat/0314.jpg,cat
cat/0472.jpg,cat
cat/0328.jpg,cat
cat/0512.jpg,cat
cat/0274.jpg,cat
cat/0260.jpg,cat
cat/0506.jpg,cat
cat/0248.jpg,cat
cat/0089.jpg,cat
cat/0937.jpg,cat
cat/0923.jpg,cat
cat/0076.jpg,cat
cat/0710.jpg,cat
cat/0704.jpg,cat
cat/0062.jpg,cat
cat/0738.jpg,cat
cat/0048.jpg,cat
cat/0712.jpg,cat
cat/0074.jpg,cat
cat/0060.jpg,cat
cat/0706.jpg,cat
cat/0935.jpg,cat
cat/0921.jpg,cat
cat/0909.jpg,cat
cat/0538.jpg,cat
cat/0276.jpg,cat
cat/0510.jpg,cat
cat/0504.jpg,cat
cat/0262.jpg,cat
cat/0289.jpg,cat
cat/0458.jpg,cat
cat/0302.jpg,cat
cat/0464.jpg,cat
cat/0470.jpg,cat
cat/0316.jpg,cat
cat/0882.jpg,cat
cat/0128.jpg,cat
cat/0896.jpg,cat
cat/0666.jpg,cat
cat/0100.jpg,cat
cat/0114.jpg,cat
cat/0672.jpg,cat
cat/0699.jpg,cat
cat/0841.jpg,cat
cat/0855.jpg,cat
cat/0869.jpg,cat
cat/0868.jpg,cat
cat/0854.jpg,cat
cat/0840.jpg,cat
cat/0698.jpg,cat
cat/0115.jpg,cat
cat/0673.jpg,cat
cat/0667.jpg,cat
cat/0101.jpg,cat
cat/0129.jpg,cat
cat/0897.jpg,cat
cat/0883.jpg,cat
cat/0471.jpg,cat
cat/0317.jpg,cat
cat/0303.jpg,cat
cat/0465.jpg,cat
cat/0459.jpg,cat
cat/0288.jpg,cat
cat/0505.jpg,cat
cat/0263.jpg,cat
cat/0277.jpg,cat
cat/0511.jpg,cat
cat/0539.jpg,cat
cat/0908.jpg,cat
cat/0920.jpg,cat
cat/0934.jpg,cat
cat/0061.jpg,cat
cat/0707.jpg,cat
cat/0713.jpg,cat
cat/0075.jpg,cat
cat/0049.jpg,cat
cat/0774.jpg,cat
cat/0012.jpg,cat
cat/0006.jpg,cat
cat/0760.jpg,cat
cat/0748.jpg,cat
cat/0990.jpg,cat
cat/0984.jpg,cat
cat/0953.jpg,cat
cat/0947.jpg,cat
cat/0210.jpg,cat
cat/0576.jpg,cat
cat/0562.jpg,cat
cat/0204.jpg,cat
cat/0238.jpg,cat
cat/0589.jpg,cat
cat/0364.jpg,cat
cat/0402.jpg,cat
cat/0416.jpg,cat
cat/0370.jpg,cat
cat/0358.jpg,cat
cat/0600.jpg,cat
cat/0166.jpg,cat
cat/0172.jpg,cat
cat/0614.jpg,cat
cat/0628.jpg,cat
cat/0827.jpg,cat
cat/0199.jpg,cat
cat/0833.jpg,cat
cat/0832.jpg,cat
cat/0826.jpg,cat
cat/0198.jpg,cat
cat/0629.jpg,cat
cat/0173.jpg,cat
cat/0615.jpg,cat
cat/0601.jpg,cat
cat/0167.jpg,cat
cat/0359.jpg,cat
cat/0417.jpg,cat
cat/0371.jpg,cat
cat/0365.jpg,cat
cat/0403.jpg,cat
cat/0588.jpg,cat
cat/0239.jpg,cat
cat/0563.jpg,cat
cat/0205.jpg,cat
cat/0211.jpg,cat
cat/0577.jpg,cat
cat/0946.jpg,cat
cat/0952.jpg,cat
cat/0985.jpg,cat
cat/0991.jpg,cat
cat/0749.jpg,cat
cat/0007.jpg,cat
cat/0761.jpg,cat
cat/0775.jpg,cat
cat/0013.jpg,cat
cat/0763.jpg,cat
cat/0005.jpg,cat
cat/0011.jpg,cat
cat/0777.jpg,cat
cat/0987.jpg,cat
cat/0039.jpg,cat
cat/0993.jpg,cat
cat/0978.jpg,cat
cat/0944.jpg,cat
cat/0950.jpg,cat
cat/0788.jpg,cat
cat/0207.jpg,cat
cat/0561.jpg,cat
cat/0575.jpg,cat
cat/0213.jpg,cat
cat/0549.jpg,cat
cat/0373.jpg,cat
cat/0415.jpg,cat
cat/0401.jpg,cat
cat/0367.jpg,cat
cat/0429.jpg,cat
cat/0398.jpg,cat
cat/0617.jpg,cat
cat/0171.jpg,cat
cat/0165.jpg,cat
cat/0603.jpg,cat
cat/0159.jpg,cat
cat/0818.jpg,cat
cat/0830.jpg,cat
cat/0824.jpg,cat
cat/0825.jpg,cat
cat/0831.jpg,cat
cat/0819.jpg,cat
cat/0158.jpg,cat
cat/0164.jpg,cat
cat/0602.jpg,cat
cat/0616.jpg,cat
cat/0170.jpg,cat
cat/0399.jpg,cat
cat/0428.jpg,cat
cat/0400.jpg,cat
cat/0366.jpg,cat
cat/0372.jpg,cat
cat/0414.jpg,cat
cat/0548.jpg,cat
cat/0574.jpg,cat
cat/0212.jpg,cat
cat/0206.jpg,cat
cat/0560.jpg,cat
cat/0789.jpg,cat
cat/0951.jpg,cat
cat/0945.jpg,cat
cat/0979.jpg,cat
cat/0992.jpg,cat
cat/0986.jpg,cat
cat/0038.jpg,cat
cat/0010.jpg,cat
cat/0776.jpg,cat
cat/0762.jpg,cat
cat/0004.jpg,cat
cat/0982.jpg,cat
cat/0996.jpg,cat
cat/0028.jpg,cat
cat/0000.jpg,cat
cat/0766.jpg,cat
cat/0772.jpg,cat
cat/0014.jpg,cat
cat/0941.jpg,cat
cat/0799.jpg,cat
cat/0955.jpg,cat
cat/0969.jpg,cat
cat/0558.jpg,cat
cat/0564.jpg,cat
cat/0202.jpg,cat
cat/0216.jpg,cat
cat/0570.jpg,cat
cat/0438.jpg,cat
cat/0410.jpg,cat
cat/0376.jpg,cat
cat/0362.jpg,cat
cat/0404.jpg,cat
cat/0389.jpg,cat
cat/0148.jpg,cat
cat/0174.jpg,cat
cat/0612.jpg,cat
cat/0606.jpg,cat
cat/0160.jpg,cat
cat/0835.jpg,cat
cat/0821.jpg,cat
cat/0809.jpg,cat
cat/0808.jpg,cat
cat/0820.jpg,cat
cat/0834.jpg,cat
cat/0607.jpg,cat
cat/0161.jpg,cat
cat/0175.jpg,cat
cat/0613.jpg,cat
cat/0149.jpg,cat
cat/0388.jpg,cat
cat/0363.jpg,cat
cat/0405.jpg,cat
cat/0411.jpg,cat
cat/0377.jpg,cat
cat/0439.jpg,cat
cat/0217.jpg,cat
cat/0571.jpg,cat
cat/0565.jpg,cat
cat/0203.jpg,cat
cat/0559.jpg,cat
cat/0968.jpg,cat
cat/0954.jpg,cat
cat/0798.jpg,cat
cat/0940.jpg,cat
cat/0773.jpg,cat
cat/0015.jpg,cat
cat/0001.jpg,cat
cat/0767.jpg,cat
cat/0997.jpg,cat
cat/0029.jpg,cat
cat/0983.jpg,cat
cat/0995.jpg,cat
cat/0759.jpg,cat
cat/0981.jpg,cat
cat/0017.jpg,cat
cat/0771.jpg,cat
cat/0765.jpg,cat
cat/0003.jpg,cat
cat/0956.jpg,cat
cat/0942.jpg,cat
cat/0229.jpg,cat
cat/0573.jpg,cat
cat/0215.jpg,cat